ID,issue,question,answer
10,"Freezer Faulty Compressor/Temperature","What are the signs of a faulty compressor?","Common signs include the freezer not cooling properly, unusual noises, or the compressor running continuously without cycling off. Refer to page 23 of the manual for detailed troubleshooting steps. URL: http://example.com/manual#page23"
20, "Freezer Faulty Compressor/Temperature","How can I troubleshoot temperature issues with my freezer?","Ensure the temperature settings are correct, the freezer is not overloaded, and the vents are not blocked. If issues persist, please refer to page 25 of the manual for further guidance. URL: http://example.com/manual#page25"
30, "Freezer Faulty Compressor/Temperature","What should I do if my freezer is not cooling at all?","First, check if the power supply is connected and the circuit breaker is not tripped. If the issue remains, refer to page 27 of the manual and consider contacting a technician for service. URL: http://example.com/manual#page27"
40, "Freezer Faulty Compressor/Temperature","Why is my freezer making a loud noise?","Loud noises could be due to a faulty compressor or fan. Check if the freezer is level and ensure there are no loose parts. For more detailed troubleshooting, refer to page 29 of the manual. URL: http://example.com/manual#page29"
50, "Freezer Faulty Compressor/Temperature","How do I arrange for a technician to service my freezer?","If basic troubleshooting does not resolve the issue, you can arrange for a technician by following the steps on page 31 of the manual. This typically involves an email exchange to schedule the service. URL: http://example.com/manual#page31"
60, "Freezer Drainage Problem Water Leak","What causes water to leak from my freezer?","Water leaks can be caused by a clogged or frozen drain tube. Check the drain tube for blockages and clear any ice buildup. Refer to page 35 of the manual for detailed instructions. URL: http://example.com/manual#page35"
70, "Freezer Drainage Problem Water Leak","How can I fix a clogged drain tube myself?","To fix a clogged drain tube, first unplug the freezer, then locate the drain tube and clear any blockages. Detailed steps are available on page 37 of the manual. URL: http://example.com/manual#page37"
80, "Freezer Drainage Problem Water Leak","What spare parts might I need for a drainage issue?","You might need a new drain tube or defrost heater. Check page 39 of the manual for a list of spare parts and how to order them. URL: http://example.com/manual#page39"
90, "Freezer Drainage Problem Water Leak","Can I fix a drainage problem myself or do I need a technician?","You can attempt to fix minor drainage issues yourself by following the steps in the manual. For major issues or if you are unsure, it is best to request a technician. Refer to page 41 of the manual for guidance. URL: http://example.com/manual#page41"
100, "Freezer Drainage Problem Water Leak","How do I prevent future drainage issues?","Regular maintenance, such as clearing ice buildup and ensuring the drain tube is clear, can prevent future issues. See page 43 of the manual for maintenance tips. URL: http://example.com/manual#page43"
110, "Freezer Malfunctioning Seals/Filter","How can I tell if my freezer's door seal is malfunctioning?","Signs of a faulty door seal include frost buildup around the door, the door not closing properly, or higher energy consumption. Refer to page 47 of the manual for more information. URL: http://example.com/manual#page47"
120, "Freezer Malfunctioning Seals/Filter","How do I clean and maintain the door seals?","Regularly clean the door seals with a damp cloth and mild detergent to prevent dirt buildup. For detailed cleaning steps, refer to page 49 of the manual. URL: http://example.com/manual#page49"
130, "Freezer Malfunctioning Seals/Filter","What should I do if the door seals are damaged?","If the door seals are damaged, you can order replacement seals and follow the instructions on page 51 of the manual to replace them. URL: http://example.com/manual#page51"
140, "Freezer Malfunctioning Seals/Filter","How can I check if the filter is functioning properly?","Check the filter for any clogs or dirt buildup and replace it if necessary. Refer to page 53 of the manual for steps on checking and replacing the filter. URL: http://example.com/manual#page53"
150, "Freezer Malfunctioning Seals/Filter","What are the steps to troubleshoot filter issues before contacting a technician?","Ensure the filter is properly installed and clean it regularly. If issues persist, follow the troubleshooting steps on page 55 of the manual before contacting a technician. URL: http://example.com/manual#page55"